{"cameraMode":{"drawMode":0,"name":"Shaded","section":"Shading Mode"},"sceneLighting":false,"audioPlay":false,"sceneViewState":{"showFog":true,"showMaterialUpdate":false,"showSkybox":false,"showFlares":true,"showImageEffects":true,"showParticleSystems":true},"in2DMode":false,"pivot":{"x":47.00129318237305,"y":18.71542739868164,"z":-416.4551086425781},"rotation":{"x":0.10887087881565094,"y":-0.699686586856842,"z":0.10918989032506943,"w":0.6976216435432434},"size":1.6200854778289796,"orthographic":false}