{"cameraMode":{"drawMode":0,"name":"Shaded","section":"Shading Mode"},"sceneLighting":false,"audioPlay":false,"sceneViewState":{"showFog":true,"showMaterialUpdate":false,"showSkybox":false,"showFlares":true,"showImageEffects":true,"showParticleSystems":true},"in2DMode":false,"pivot":{"x":-1.088552713394165,"y":-0.32526397705078127,"z":-0.40797972679138186},"rotation":{"x":-0.061467740684747699,"y":0.8727062344551086,"z":-0.11471551656723023,"w":-0.4708141088485718},"size":5.319650173187256,"orthographic":false}