{"cameraMode":{"drawMode":0,"name":"Shaded","section":"Shading Mode"},"sceneLighting":false,"audioPlay":false,"sceneViewState":{"showFog":true,"showMaterialUpdate":false,"showSkybox":false,"showFlares":true,"showImageEffects":true,"showParticleSystems":true},"in2DMode":false,"pivot":{"x":55.96249008178711,"y":26.214488983154298,"z":-422.0690612792969},"rotation":{"x":-0.056941404938697818,"y":-0.03296834975481033,"z":0.0018534809350967408,"w":-0.9978575706481934},"size":35.752681732177737,"orthographic":false}