{"cameraMode":{"drawMode":0,"name":"Shaded","section":"Shading Mode"},"sceneLighting":true,"audioPlay":false,"sceneViewState":{"showFog":true,"showMaterialUpdate":false,"showSkybox":true,"showFlares":true,"showImageEffects":true,"showParticleSystems":true},"in2DMode":false,"pivot":{"x":41.110260009765628,"y":-34.1798095703125,"z":-222.34019470214845},"rotation":{"x":-0.14246447384357453,"y":0.7287408709526062,"z":-0.16015473008155824,"w":-0.6505475044250488},"size":463.1304931640625,"orthographic":false}