{"cameraMode":{"drawMode":0,"name":"Shaded","section":"Shading Mode"},"sceneLighting":false,"audioPlay":false,"sceneViewState":{"showFog":true,"showMaterialUpdate":false,"showSkybox":false,"showFlares":true,"showImageEffects":true,"showParticleSystems":true},"in2DMode":false,"pivot":{"x":45.13800048828125,"y":19.06100082397461,"z":-421.5069885253906},"rotation":{"x":0.2328890860080719,"y":-0.2208894044160843,"z":0.05440664663910866,"w":0.9455229043960571},"size":3.4063076972961427,"orthographic":false}