{"cameraMode":{"drawMode":0,"name":"Shaded","section":"Shading Mode"},"sceneLighting":false,"audioPlay":false,"sceneViewState":{"showFog":true,"showMaterialUpdate":false,"showSkybox":false,"showFlares":true,"showImageEffects":true,"showParticleSystems":true},"in2DMode":false,"pivot":{"x":47.04999923706055,"y":18.58799934387207,"z":-417.739990234375},"rotation":{"x":-0.04012887552380562,"y":-0.45144787430763247,"z":-0.020329928025603296,"w":0.8911671042442322},"size":4.102694034576416,"orthographic":false}