{"cameraMode":{"drawMode":0,"name":"Shaded","section":"Shading Mode"},"sceneLighting":false,"audioPlay":false,"sceneViewState":{"showFog":true,"showMaterialUpdate":false,"showSkybox":false,"showFlares":true,"showImageEffects":true,"showParticleSystems":true},"in2DMode":false,"pivot":{"x":50.881996154785159,"y":19.462785720825197,"z":-435.26568603515627},"rotation":{"x":0.033716391772031787,"y":-0.595623254776001,"z":0.025029119104146959,"w":0.8022236824035645},"size":35.6351432800293,"orthographic":false}