{"cameraMode":{"drawMode":0,"name":"Shaded","section":"Shading Mode"},"sceneLighting":false,"audioPlay":false,"sceneViewState":{"showFog":true,"showMaterialUpdate":false,"showSkybox":false,"showFlares":true,"showImageEffects":true,"showParticleSystems":true},"in2DMode":false,"pivot":{"x":46.58880615234375,"y":18.424339294433595,"z":-417.29412841796877},"rotation":{"x":0.19278645515441895,"y":-0.7038735151290894,"z":0.2086176723241806,"w":0.6511653065681458},"size":2.941098928451538,"orthographic":false}