{"cameraMode":{"drawMode":0,"name":"Shaded","section":"Shading Mode"},"sceneLighting":false,"audioPlay":false,"sceneViewState":{"showFog":true,"showMaterialUpdate":false,"showSkybox":false,"showFlares":true,"showImageEffects":true,"showParticleSystems":true},"in2DMode":false,"pivot":{"x":48.76842498779297,"y":22.372529983520509,"z":-417.71484375},"rotation":{"x":-0.0012863122392445803,"y":-0.9940518140792847,"z":0.011932683177292347,"w":-0.10863503068685532},"size":19.665645599365236,"orthographic":false}