{"cameraMode":{"drawMode":0,"name":"Shaded","section":"Shading Mode"},"sceneLighting":true,"audioPlay":false,"sceneViewState":{"showFog":true,"showMaterialUpdate":false,"showSkybox":false,"showFlares":true,"showImageEffects":true,"showParticleSystems":true},"in2DMode":false,"pivot":{"x":38.930999755859378,"y":18.875999450683595,"z":-417.6629943847656},"rotation":{"x":-0.3338633179664612,"y":-0.298807293176651,"z":0.11244548857212067,"w":-0.8869561553001404},"size":0.5491741895675659,"orthographic":false}