{"cameraMode":{"drawMode":0,"name":"Shaded","section":"Shading Mode"},"sceneLighting":false,"audioPlay":false,"sceneViewState":{"showFog":true,"showMaterialUpdate":false,"showSkybox":false,"showFlares":true,"showImageEffects":true,"showParticleSystems":true},"in2DMode":false,"pivot":{"x":473.36407470703127,"y":38.02165222167969,"z":-305.61505126953127},"rotation":{"x":0.1350008249282837,"y":0.8452922701835632,"z":-0.2531681954860687,"w":0.45075756311416628},"size":22.0,"orthographic":false}