{"cameraMode":{"drawMode":0,"name":"Shaded","section":"Shading Mode"},"sceneLighting":false,"audioPlay":false,"sceneViewState":{"showFog":true,"showMaterialUpdate":false,"showSkybox":false,"showFlares":true,"showImageEffects":true,"showParticleSystems":true},"in2DMode":false,"pivot":{"x":124.09530639648438,"y":1.3697996139526368,"z":112.41728210449219},"rotation":{"x":-0.21867400407791139,"y":-0.19348177313804627,"z":0.044283829629421237,"w":-0.9554222226142883},"size":5.679238796234131,"orthographic":false}