{"cameraMode":{"drawMode":0,"name":"Shaded","section":"Shading Mode"},"sceneLighting":false,"audioPlay":false,"sceneViewState":{"showFog":true,"showMaterialUpdate":false,"showSkybox":false,"showFlares":true,"showImageEffects":true,"showParticleSystems":true},"in2DMode":false,"pivot":{"x":39.9942626953125,"y":18.168943405151368,"z":-434.677734375},"rotation":{"x":0.0017728457460179926,"y":0.9949749112129211,"z":-0.017911594361066819,"w":0.09851952642202378},"size":9.349845886230469,"orthographic":false}