{"cameraMode":{"drawMode":0,"name":"Shaded","section":"Shading Mode"},"sceneLighting":false,"audioPlay":false,"sceneViewState":{"showFog":true,"showMaterialUpdate":false,"showSkybox":false,"showFlares":true,"showImageEffects":true,"showParticleSystems":true},"in2DMode":false,"pivot":{"x":47.130794525146487,"y":18.749231338500978,"z":-417.5063781738281},"rotation":{"x":-0.11572397500276566,"y":-0.7507026791572571,"z":0.13661158084869386,"w":-0.6359809041023254},"size":11.431534767150879,"orthographic":false}