{"cameraMode":{"drawMode":0,"name":"Shaded","section":"Shading Mode"},"sceneLighting":false,"audioPlay":false,"sceneViewState":{"showFog":true,"showMaterialUpdate":false,"showSkybox":false,"showFlares":true,"showImageEffects":true,"showParticleSystems":true},"in2DMode":false,"pivot":{"x":48.381229400634769,"y":19.824626922607423,"z":-417.6334228515625},"rotation":{"x":-0.09514686465263367,"y":-0.6850666999816895,"z":0.09095051139593125,"w":-0.7165513038635254},"size":3.2289416790008547,"orthographic":false}