{"cameraMode":{"drawMode":0,"name":"Shaded","section":"Shading Mode"},"sceneLighting":true,"audioPlay":false,"sceneViewState":{"showFog":true,"showMaterialUpdate":false,"showSkybox":true,"showFlares":true,"showImageEffects":true,"showParticleSystems":true},"in2DMode":false,"pivot":{"x":86.56179809570313,"y":-124.29512023925781,"z":-337.1126403808594},"rotation":{"x":-0.42252179980278017,"y":-0.1906900852918625,"z":0.09136352688074112,"w":-0.8814061880111694},"size":224.23736572265626,"orthographic":false}