{"cameraMode":{"drawMode":0,"name":"Shaded","section":"Shading Mode"},"sceneLighting":false,"audioPlay":false,"sceneViewState":{"showFog":true,"showMaterialUpdate":false,"showSkybox":false,"showFlares":true,"showImageEffects":true,"showParticleSystems":true},"in2DMode":false,"pivot":{"x":37.31947326660156,"y":19.159862518310548,"z":-412.2492980957031},"rotation":{"x":-0.0947355255484581,"y":-0.8440303206443787,"z":0.1588314175605774,"w":-0.5034792423248291},"size":39.80794906616211,"orthographic":false}