{"cameraMode":{"drawMode":0,"name":"Shaded","section":"Shading Mode"},"sceneLighting":true,"audioPlay":false,"sceneViewState":{"showFog":true,"showMaterialUpdate":false,"showSkybox":false,"showFlares":true,"showImageEffects":true,"showParticleSystems":true},"in2DMode":false,"pivot":{"x":38.92131805419922,"y":18.95484733581543,"z":-417.6982727050781},"rotation":{"x":0.007185918278992176,"y":-0.9844872355461121,"z":0.0413714237511158,"w":0.1706591099500656},"size":0.6236346960067749,"orthographic":false}