{"cameraMode":{"drawMode":0,"name":"Shaded","section":"Shading Mode"},"sceneLighting":false,"audioPlay":false,"sceneViewState":{"showFog":true,"showMaterialUpdate":false,"showSkybox":false,"showFlares":true,"showImageEffects":true,"showParticleSystems":true},"in2DMode":false,"pivot":{"x":0.5188729763031006,"y":1.7484551668167115,"z":-0.6920554637908936},"rotation":{"x":-0.09098471701145172,"y":0.7592873573303223,"z":-0.10906047374010086,"w":-0.6351847648620606},"size":2.4117074012756349,"orthographic":false}